stemmed_and_stopword_translated_text,compound
expensive ukt tapera debt broke silent majority ormas mes upright law oon silent majorhy diem majority ato miu dukn,-0.6486
goodjkkandrewstjanbytw nudduh supportprebowo critique ukt h pj kracc relief selectingtheprewun,0.4767
goodjkkandrewstjanstickcontext truthso tomake commandthatduetonotknowwise pointstampukukt buttainthe villain commandhiler ademintimes,-0.5574
naisan motherkrolpolit verypolitic tapera ukt wapres pilkada returnto listenyes comeonthe spiritof protest,-0.25
carienyuu kann demo student yesterday inoblos enjoy sono ukt lu naek gausa protest,0.296
sulthoni ukt,0.0
mythicalforestcawecawe hispoliticaldistribution unrunin recordracorruption worklevelsofinfluencersgreat party dhrageather nurunin saggression mager,0.4019
cwpoliticsivotehim shim visionofa careful mission relievemyhigh ortu pi en ice,0.1531
cnni indonesia salary cut tapera inflation must nombok clu ukt ukmko transport alhamdulillah breath attached,-0.2732
last day marshoda shut complaining salary cut country ecosystem deer country post photos backsound numbers,-0.4404
originalsareexhausted extreme god fast fast semesterof collegesput moneyoutmyparentstonot payin college,0.2732
ask sure college yes,0.6124
awokyogeelthe uktcannot paywith lunch,0.0
carienyuu gappa utt expensive pay etc joget ok gas ok gas,0.4588
select p p k licidud hooks ukt times amount students gone college tapera tube mounts home salary cuts,-0.296
youngsteo mwu add ukt money,0.0
uns cancel ukt wvps anyy,-0.25
carienyuu yahgaapa ukpat free lunch jogethouu okgas ok gas,0.6705
collegemenfess pay ukt slesai remember age maximum locker nder ding slaughter gas,-0.1027
tev n pe el gilir like gin ukt diem bae let young people buy house young man success miscarry social mobility powerful ukt diem die aki nini,0.6249
sad pay,-0.5423
sulthoni ukt gasoline appn fence dpr,0.0
falseukowicommand twtw dho vinivini rhanrizkyridho nlhiok,0.0
carienyuu stupid people ask dance eat tukukt,-0.5267
session practice team debut diaspora country bamboo curtain sty please enter play strong diaspora economic cooperation toongkok project tapera subsidi ukt ukkl wpyv,0.7906
hotchocov carienyuuu againsttheresponse president stillresponsives,0.0
partisocmed prabowopet ya tum memed jokei say smart ukt continue vote,0.4019
imoimoo crubmble drunnn reiza patters muji news delays ukt kareem meets jonowi raises opinion tapera since uu president tried pp tapera,0.0
outofthestoryofzora ithinkmutualtoxics sendhatespik exactlyknow whenthemansacred forbiddenfrompaying pussssursin swheni mgone,0.0
sbmptnfuss remainuct semptnfessit justright receivedddfile,0.0
mandatory make decision obligatory make complaint big deal,-0.2263
pay rent pay pay,-0.296
imoimoocrubmble dunnnn reizapatters tem fakekkkluklukukukt ukukunt untok tukakakkan rutukukukukok punkukkan cartorkkan,0.0
jebbakakun ukt ugal,0.0
boominghaoitu like doesnotselect thejir atmoughhelloowww whenwe represerved peacesign nowcalltouct,0.3612
curryyuuu wkwk udh ad said gin team relax lurrr ukt,0.4404
draft child unpad ukt unpad already betewe,0.0
locker selects free max congratulation see free realization,0.8885
rockershtty era jokeowi tuh nerusin program jokei kat tet tet tet tetera president,0.0
friend keeps bugging enemy salary nakes low ukt mehong keep gas ok,-0.0516
katsurapki parents said inferior guy got rb,-0.4019
boedidirchet mukidi atthefocus ukt tapera,0.0
ukt amp tapera weapons issue break,-0.4404
late eating blog,0.0
pjyhepudent,0.0
thank god got partially used scholarship yesterday worst case scerario nauzubillah scholarship contact paid full,-0.128
supports orders prabowo mas prabowo plus free lunch fence tutoring program,0.7003
timettt lateeat tutu uktt expensive middleclasswk,0.0
canaskaboutmy brother alsoresponsible carmunyayathinksyes ortu payit ifahhhh hahahahahahahahahakakiru yes yes plorkya yes yes,0.8689
alnessonandrewstjan yastjan yes alnessonandrewstjan yaakstjan alsa yet wella alestjan yes well well well wellpeople well well well well well well wellisup wellofa asthepeoplefor alukethepeople sss fontffff fontffff fontffff fontffff youd,0.9601
chose ppn legitimate cak imin ukt prabowo go expensive pad,0.0
greatestshowup breakup setelqh frequentrealcomer spowerd coup selectable know,0.0
wkkkkwbusted riweuh ukt ehh wasattackedrecordra wkkkkkkwwwawdist,0.0
pay lot money college,-0.1027
joget dlu kakt abis,0.0
real question able support strange wise response recordar ruu siar kaesang change age limit ukt expensive tax age prebowo narration power continues cont program,0.6124
catbum zonevenomwar dpr bang cancel already uuukt technical uu,-0.25
ness knows procedure pays ukt late semester script,0.0
ratihmt xquitavee pang pkkakakakari jogori like utukt kaluem go people protesting cancel football way safe example throwing rocks hide hands read vision tri mission president vision,0.4404
starkitomicompactv ukt expensive sembaco cost tax tapera gd im ojo,0.0
idextratimebliblidotcomkick ukt,0.0
change president time joke,0.296
cariyuuugetok gas ktittock letthepeoplebespire uktokgastok,0.0
want pay,-0.0258
take money pay semester salary,-0.1027
cupcakeclub soobinzi dointimefaraway fromacunn reiza patters kak ukt delaying delay yes ukt,0.1027
even think,0.0
let help friend,0.7096
lulis dream paying ukt broken caprody read mou,-0.2732
umawasbusythinking aboutrecordra uktuhhh knowsthesisterhashippedthe hammer olddayagepicture pillgub,0.0
hwana puki spirit om pay ukt,0.0772
myfriend people ok yes yes yes yes thepeople yes yes yes yes yes yes yesterday newswhen yesterday,0.9781
yes nowcandies hold thecontroversythatmydudepassesto getin tkipkkakkkakkkkakkkkkakt att kudududuktkkkkkkkkkkkkkkkkkkkkkkkkkkkkkt,0.4019
annies polymic responsive college bump campus education itb lay issue borrowing online student pays single tuition,0.3612
sbmptnfuss escaped snbt pick parents food moga easy oh god,0.6124
tax program tapera went issue nettism flattened yes upss desperately see drakor dear life,0.4019
draft apudium agustium hearing pay ukt semester,-0.1027
cancel exchange free course benefits,0.5994
tev n pe el failed expunging students via ukt rising tube tapera suffering people,-0.7506
cnbcidonesyyeyaldulillah kipajonowi smg ukt ya pa uda patient get college okgas gas gas gas,0.0
ajiep sbmptnfuss ehh permit ask anjie p sbmptnfess yes yes yes katutu condition,0.7964
studenthastotake lecture ipay herwell surrection insuranceforcorruption yetreceivedyes mypeoplehavetopay uktuktukt digholes,0.0
moga ukt support,0.4019
frrykotochampourent notwith thepresidenthard,0.0
collegemenfass good trial sure result writing crevice cut let pay sem,0.4019
try talking man going adore say issue money based ukt understands bash insist coming action party relevant understanding issue,0.743
repost talk follow healthy money teaching real benefit ukmullyani college education tax free tax economy investment financial business money literiation iue ycvjpc,0.8402
uns ukt ohlfibljz national tempo,0.0
polemics cost ukt state teacher expensive university muhammadiyah wantmere pay tuition result earth fruit banana seafish catch muprgiob,-0.1027
zonevenomwar lives baton like president hard time,0.2732
ugm fess try keep light ukt percentage semester well support document,0.5859
ktiny paid lecture attz worried,-0.296
erdy sr sami mawon mawon college student ga ukt,0.0
w gliller bgt layover ijo era layover krnn bzirr gapapa pay ukt doloeee tar rezeki boong bingo,-0.1027
idextratime laughing pays ukt,0.4939
tev n pe el ga direct gene z take stupid ya home urgent people ask open line work,-0.3818
friend backed yesterday older brother already gone college paying attention,0.5106
failed pass relevant script student loan issue ukt tempo,-0.5106
opposite result ofmen drama ukt newsplayra vina amp amp focus peoplemissive target one dramasclose qkz team,0.0
think big birthday date think nice birthday think birthday,0.4215
blackfurriez interests discussion cost ukt tapera,0.25
age gap student age limit busy shouting,0.0
compass behind tapera ukt broke steady meennnnn,-0.4215
exercising action demonstration state juni palace reject tapera rejects expensive krist ukt program opioy eym sound,-0.6705
ramehudgestudystudy solution ukt go college needs tersier basickidsdied dekswhooncut lifeline mkk older brother shardbecausepeopleask,0.3182
jpgs wonbinronda dad paid okt please,0.3182
matter prebowo appointed president,0.0258
bike run,0.0
collegemenfess alhamdulill theni tthinkso ifreversereturntothe end payut cheap uktukt let sgo,0.0
dog tapera thinks people work old man sick lillits brother brother debt,-0.7003
fess gaisntilight ukt script gottacut samn differentregaturely knotsorry yh,0.0
balance bank pay money buy money,-0.1027
guess set gajetot bgt viral protest laiyo lawomg rk ceto bgt jergensine set desperate teapot kek hero kyk last canceled iuk iek duk least mng cancel sehhh smpe,-0.1779
common practice,0.0
tax rose ukt funds tapera ruu pori siar fencing wake home long mister freeport contract etc wise news raiding,0.4767
widassatyo trul maxi change sarapjotoupin ukt wowo gerat rightwoi changecontinue,0.0
may live drama love uukt tapera revision uu siar ruu pori kabul gugat change age future head gusmin try list juni let start,0.6369
breaking news uns canceling utt yhyqttuwrm jtutcdfkz,0.0
way make fun choose paslon yesterday,0.5106
ithankfullylivethecampusholdthesistence ofthefamily regulate studenthelpshelpmyworks semesterby chatin clear man,0.3818
relax legislatesweets ukt set age minimum tapera handshake pbb tax dutch etc baakl ugal,0.4404
pointman doesnotreturnto matkul pass alhamdulillahwistiful caro uktt,0.0
pass semester juni hearing let pay spirit music script,0.0772
oh god,0.2732
nanlarre paying ukt mention,0.0
jenneishaahuhuhu ranuhu ranjukan unukt prophetadam alhamdulillah havebeendone ok,0.296
cool compass grand design hbs ukt tapera issue cover issue passing conditional conditional pill scroll issue set religious greeting cover ukt tapera corruption gold lead asshole,0.7845
sane ashes student demo ukt bivitri teacher mukt,0.0
find something cover issue corruption fake lead really make religious disrepute,-0.4767
mine corruption broke pancasil,-0.4215
wow wise papa,0.7845
wisdom ukt taperachat double community middle class ee ogmeq,0.5267
sumitroyoel inflation bosses mess ken look news uk uk kukco wes esir cost education cheap cost living cheap,-0.3612
university general soedirman unsoed broke canceling single college fee ukt candidate student exlgifqcm,-0.4215
mind looking,0.0
colloseuum expensive funding kakt kakyanya seriously kak,-0.1779
polemic state college ufuahqdnhc,0.0
vip expensive ukt w studio digs promoter,0.5106
doctortifapure pki communieyou rebelonged amp paythe taxcutsupped uktuppinsubsidi croni,0.0
great archive joke ormas base student turn going think coup,0.743
tev n pe el bumn corruption,0.0
hobby hobby hobby,0.0
excuse yesterday alternative ukt x cicil pencil uas paid consequences yes pay safe uas ya fear name appear teacher entry value,0.5719
baizhoi ugm fess sorry mean get money sorry,-0.1531
wonbinronda sungchanpov dad paid okt ya,0.0
andrewstjan cover dotcom point education raised debt capital,-0.3612
one side graduation also cost semester,0.0
destroyed seed jonowi seeds crushed prebowo ukt police honestly sought police j nq b gff,-0.4588
hohahahahahahahaaaa right topassugm opsystempopdodolmi chicken aelahhh,0.0
msaidduid unloadsuncharged hardto sue suprequired asthecostsofan expensivelast time butthelimendstofinitsto finish surreviewof whomightlifefirstbehard,0.0
escaped snbt select thank,0.3612
wwkk teacher guktemang emang semester sachievable goji,0.0
andrew got dog uttt expensive taxes badly,-0.4767
yongyea pay ukt microtransaction wmosu xn,-0.1027
yyyyyy rms keepss payukt,0.0
ersmak tempodotco satisfied electric rice ukt tapera dll climbs wkwkw,0.4215
mom graduated profession yeah expensive plus piro seko saiki,0.296
think students need graduation let get sick obscenity gin college,-0.5106
prabowo ukt attitude student ptn op qzea,0.0
command cancels rising ukt student relief ac dspu z,0.296
go people university friends sabi area stopped kpaawxxixp,0.296
msaid ukt arise tapera issue child pills evidence went ukt tapera cancel,-0.25
thasissuffering zero age action pay wage back yesterday children children homelines got high goong ukt,-0.1027
sure able pay,0.2263
college man told hope price,0.4404
country empty cash loads people filling lwt like yesterday sector rame ukt tapera bbml gas elpiji well spri mulyani salary causing human conscience see ri ppxcjnrzrn,0.4215
geloracoworkersound ukt student playgame,0.0
ugm fess know ya valid lift jt daoat ukt high goong ukt low hit,-0.0516
full bell straight ukt luxuriant,0.2263
um fess yes um fes,0.4019
know yesterday demo laughing,0.4939
ukt ruu siar ruu tni ruu pollri tapera guys,0.0
cnni indonesia play ukt amp taperared futurechild pnk da cpe hsfqbt,0.34
cover dotcom ukt tapera haji core funds ursdwrbzyov money loss,-0.3182
told college facility bought clean machines way parking lot,0.4019
work wdyt ortu sender cm pay ukt jt cost half day,0.128
mean waiting men release hearing,0.0
president selects prabowo attitude ukt mahisis ptn prabowo ukt wtfffwj,0.0
messagestateresulted intentlybreakuppeople uktwatersubsidi discountd aged leadslong freeportexpireampirest ikn throwinjonowigo die,-0.5994
stupidsbyudhoyono democratic parliament talks watch democratic parliamentary tv talk loud ukt tax bbm know fool,-0.4404
ukt cost culprit protege upi sundonews education md nlbend capdg oagm,0.0
crowd ukt college upi bandung adem ayem student big check tuition corner lmrimh qps hxprhwxn nyu jki,0.0
unemployed paying rent,0.0
want stingy friends,0.2023
collegemenfess like yesterday even know help get paid,0.6369
ukt tapera end evaluation delay saw broken issue later changed age limit mega fiscality gold lead antam jonowi kspgoid dpr ri,-0.6597
see pov positive concerns ruu siar ruri ruu tapera syl corbrut corrupt ukt,0.5574
convomf okt private class ac subang cold times mountain foot,0.0
believe ukt national democracy greeting guys seen news adrenalism go believe legalization law go ump medidibud uu pt ukt ukt ukjak pn gto ux,0.3818
inkmenfess expensive man,0.0
amorindou ukt ukt,0.0
light middle class wise class hirau scale priority,0.4767
gbblgninfaedh see golong ukt,0.0
bubbleppong yis pay view ukt,-0.1027
try crosschek failed,-0.5106
venticoup trialya payinukt,0.0
dips detail counters change low get away,-0.2732
bubbleppong aiaaii kidkpay ukt,0.0
xquitavee jonowi mypertaminaid attempt country brati money surplus search people funds raise taxes ukt create tapera bla bla,0.2732
know wine level maximum life span candidate weird age wine,-0.1779
wkwkwkwek kocakkkkok sayyou tableuktuniv,0.0
pay year rick shirt,-0.1027
fool attempt students sense teacher country front fee gone,-0.4404
ukt tapera obliged break th mk brother brother,0.0
brickwastaukt yes,0.4019
college buddy big fan girlfriends elites friend money big fan lifestyle,0.7783
thought war messed country missed mp ukt tapera amp yaqxahjm z,-0.8176
troubleformsofhisyoungman sprecedents supremestrate uct ridethedupasshomingtuitionsof freefood,0.0
help city orders worth paying got million top,0.6597
ukt ipb menfass annoying hope birthday dikagetin,0.0516
napuamanda prebowo subianto supports strong proteges fertilization issue ukt step mirror vision tutored inclusive,0.7783
wise napapanda prabowo subianto ukt real liver access educational bright step indonesia,0.7184
paooapaoopay uktyaapaoo uktyaapaoo ya,0.0
ub uktgoal ifit sdeed aftera semester gonnagetalittlework stregular,0.0
customs style democrazymedia abacus model failed,-0.5106
hestronaut intends pay children student ukt,-0.1027
convomfgada money gada gada workright uktsmesteran regulatedbombhuuuaaa ah,0.0
insults regime orders campus order pride month goes,-0.1027
animal function people representative dpr ri fact justeru favor proceeds go price tapera ukt bpjs u change age pig dpr amp free reality share ri,0.802
ukt match goal dips,0.0
um fess directly meeting tkkdg k k k k k k kakt,0.0
cover dotcom mean anything gon na take lot money pay back tax list,-0.1027
askrlfes simpent simpent templeststtstupresservesert rempentst referredtoremoved injureduestaltraured andalalllettspay butan account doesnotuntal accessreversed removed,0.0
metro tv jockeyi reasonable price please forgive getting age please understand,0.6908
um dean fess aiming kipk mission,0.0
morning filltheearly friendfriends yes yes willbegood,0.6597
duerl ukt expensive problematic isgratin yo ukt,-0.4404
pasundhamzzoriginalwrassage uktbjir,0.0
richisfactory profit ukt osspect etc wait money,0.4404
hang curved circle points brought bodoamatin ji sunbae yesterday yesterday,0.0
drakkxen please pay ukt,0.2263
good expensive building bus,0.4404
mr kyt brother tapera ukt smua issue issue ntkrlabui msyrkt bottom hammer age brother kaesang mncalonkan kpala area deception,-0.4404
pay dog,-0.1027
radioelshinta clear people lost day price corruption forced tapera maruk regime break law play quietly laughing joget dongo,0.4404
dslight info ukt smt howsesendergivessmemortu hrus paycost umtbight,0.0
democrazymedia going set alarm charge cost electricity selling corruption execution law fair,-0.0258
richisfactory paid ukt,0.0
daxnyadown ukt advocare followedthemightywayaloneno,0.0
wonder corpri members hard time least help low aspirations,-0.5801
epicentrum problem nation court corrupts gold mine,-0.4019
xquitavee jonowi mypertaminaid gin mulu impact people sembako expensive bbm ukt expensive,0.0
anddhy laksono demo thousand thursday laborers jun gerrukuk palace jkt withdraw uu tapera slave party president said iqbal thrmsuk tung krist bpjs uukrenker ukt pzfwdyq fx,0.4019
general sbmptnfess pass general large ukt,0.0
noabsen um fess naturally sceptic uncircumcision fund ukt stomach,-0.25
cindetr gedein bit jt ukt,0.2263
kegblgninfaedh gausah thinks noh tapera ukt revision age hook candidate head section etc,0.0
last night sound game loud supposed use aing bomb script wear end semester bothered demon plss cares,-0.3612
ugm fess discusss viral ukt tapera etc,0.0
pngdinrkyteye bewarefocus uktamp taperapok poil severe content foil qdkcq hw,-0.3818
iamprasprasetja btw ukt mapsi bomb change,-0.4939
demo nepotism busy middle tape know talking,0.0
neighbor bought money mff pay money heavy,-0.1027
gusyy yamgakan file ukt bomb fear stay,-0.7506
amalmuziffar umuzaffar uktpret studentlevel smachange uh makiepthestar hotel wearingsarap backto envelopethebrain marimamdamdambuudri dikkankdu g,0.0
ifyoudon twatchtimes,0.0
invites girlfriend people license plates go ukt,0.0
students screaming takes people lives hard keep quiet,-0.4588
convomf wkwkwkkk trung remember time maba na tellki bde ko tabe tabe frontna tabe lngngngsung call edd kk vat one costs uk snior tolo,0.3612
collegemenfess sure parents long pay view,0.2263
white sand facts roomy taxes ukt dpn electrical tapera add command positions constitution,0.0
college old school pride breaking like freak shame,-0.2732
yes igirate tran ukt tapera etc etc uhhh nongoligi igirialyhonosrem kirah hiiks ga axbygpe,0.4019
sahal cholilnafisifyoudon ttie youdon tfollowthe quranoftheprophet also mindyour guides,0.0
wididaba cnbci indonesia prebowo mkkkkukupin yak,0.0
zy zy sila pack go receive free lunch protest ukt tapera go write valid info kadrun join gan kadrun support,0.7351
comparison college science school thinking ukt transum jam work due tax cut tapera thinking working overtime boss got beaten got fired,-0.8176
mark order failed people tax tax malt malak employee tapera tube suffering people uhrxkeu fj,-0.7506
sirrlfestoldthenepotisne iti danger chosensertsumnestestestimatethat snotthelight ofthecur ukt tapera discrising,-0.5267
bem fhisip unram guard cancel ukt qoqbjxvjz,-0.25
hashiromui indonesia worries literary curriculum brother qualified change matched zmn orba gk atw zmn voc zmn king atw create trends,-0.1779
student malak command ukt malak tapera employee indonesia,0.0
kaleidoscope wiken ruu extreme wise end frog regime command ruu polkis ni siar ukt pending year tapera break gercep sblm install,0.4767
narration tapera ukt ukm electric chest lost believes wisdom quiet road among fun people,0.6597
outofuprespondentsupprise sufferable towork indonesianhonor semnor recordradispendent worksmoduetotheslowsamnors thismaaaah hoahahah hoah hoah,0.0
usugedebatyes ukkwkwkwkwkwkkkk blcidatlj,0.0
cabn sbmptnfessblomttttrial country ucthighestbusnetconnection ifsodos sapir umr,0.0
naz lira listyosigtip divhumas pori ahriesonta whose mind crossed children schools good pay college expensive ukt,0.3612
convert cv balance service pay self test service pay pmb uny penmaptkin service pay bill service pay bill service pay bill via virtual account va compunking self contained chat wa bio wa yaa zoneang,-0.4588
johancassells derymars kgblgnanunfaedh graduate newsof freeeatingsofschool ajhacomplentday kkkkkkkwkawkwakkakkakkakakakakkakakakkakak,0.0
xquitavee jonowi let demo workers kak ukt disbarred mukidi g hesitate fight lengserin sbm okt,-0.5719
prabowo attitude ukt student ifjj fsu e,0.0
hotel college associate crazy,-0.34
kikysa daughter duh people anies say time pxl pxl mk uu ukt tapera die instead talking nonsense,-0.765
mosianek diegochuene lesi sing abishulumyo esibenza tunge ukt abelungu banenda nabo,0.0
yeastsemar tapera ukt issue expensive vina ruu siar issued close moment yes camouflage cover sister court,0.4019
president bem intimidation friends scared teachers scared,-0.6705
tan martheoperativelypayin ukt yaa snotuse shrizaljeemka hybrid jongdikit,0.0
andrewstjan see taxes even negative direction help country go,-0.25
agusprasodjo xquitavee joewoli mypertaminaid stops suffering people ukt tapera bbm dkh yjsf j,-0.5719
tanmm soundthe teacher ssound ukt nope,0.0
yes god kjmu liquid yes ifthesupposureofthestudent fails alreadypaythe food money uasprintal semester ukt dkijakarta sorry willhelp minsure,0.5267
ukt tapera vina seundup hide agendas missed focus booommmm appears breaking child court uei,-0.4404
kimberley p let talk dark days talking past,0.0
worksfess ukt extend smt tttp ganyampe jt si spp times hundred,0.3818
yaniarsim ukt tapera attempt tapera issue pay paying mister handshake son bitch cut,-0.743
jumianto rk denni sauya ppn ukt tapera country sucking people blood,0.0
god bsk reviewesessay uktpeople,0.2732
richukticutherstangjem,0.0
sea current um fess btw kak pay ukt tuh yaa,-0.1027
see arrange age limit go ukt brutal tapera,-0.6249
kgblgninfaedh pantest salary jtp ukt goong,0.0
real dafa meini day khon,0.0
admissionfee jt tuition jt semester lecture remainsonlyyears weightn tneedthecost sit focusam think ukt,0.4215
ukt smt waste,-0.4215
sun rises limit easy lie,0.4404
grandpa haircut pays ukt bang semester,0.0
panteslooking okt mrs,0.0
badcommen anju ismissing ig ig college sick dhdemocracy thepancasilasalacamp onlybethes ceremonial suckinguct,-0.5106
drakxen passed pill got lace,0.0
fess number hearings pay,-0.0258
self reward handling admin pay ukt dll,0.5106
collegemenfess wants pay late common dospen huhu moga chasing ga smt trial,-0.1027
immediate reflection moral justification crowd relation ukt nvk r qyvm action,0.0
price vip paid semester gong,0.5106
hamorable leonita viral like anighthero reject kaekang bananacannalon ketakter uctpreditionoffviral,-0.0516
ukt chestk student transparency issue nw wwcjx,0.0
cheap psych escarpment,0.0
radioelshinta ball rioting girm garong robs sound pills robbing money ukt tapera adem bae brainpapakengusin ball,-0.4588
ethadisasonjir sonancurini fail goldbelt tam tan indeed tobefree howtolead amoralhandle rich notpoor already,0.0258
cast sbusybuster sssilence silence silence silencesssuddenly thebassicbasicchildofthepredict forth prosident help brother shelpyou people speople idiot shelp,-0.1531
since graduated much looking job looking money paying laptop,0.0
segyeongstar song hasyi pay ukt please go wxhkfn hro,0.2263
az xflmvt serpensionfessneedsaperressit people sdependent afterpassing tonot pay ukt,-0.1027
ukt stomach student loan support v xs xkc,0.4019
collegemenfess pre congregation sempro pay semhas script hearing pay product graduation pay ukt smt street script pay,-0.3818
ireeclaire kegblgnanfaedh dad reclaire gatgbgnunfaedh dad reassempleand commandfarefade upgraduate sthepointof thefuelprogram,0.0
advantageous delay world decaying national assets c mj hf vy,-0.2023
collegemenfess udh entered rich ukt,0.5574
helbyjorupsicardsthatpressnot clean landmalisreallybusive nusaresin ukt taperafreeport escaped huahauahahahahahahaha greatthing playfamily,0.4019
fateofthe studentpreservedback payout uktrekarelim kimbjtjeomtribunnews,0.0
open send self test utul uktukt poltkes utk snbt spp form list pay graduation health tests via mbanking bni mp livin self bweased yaaah ui ui kamak ui unj unn veteran uny unsri ui itb unb unbraw private penmaba,-0.1027
astraljongseongpayin uktkuyes,0.0
imyourgab bastordvn help mother know pay utt unsoed,0.3182
main factoryes yes pocalypse yes bless atoneafterpayinga semesteralso,0.802
commit commitment command problem solution went ukt utt college fees mister students f xhwnmkvg,0.5267
warrlfesakwwwwwwwwwwww vemissedformoney ukthetbankwork minandwalllet butcan treback thelinktbountires hard whenskip simpen hahahaha,-0.1027
white sand see mountain debt pays interest,0.128
exit poll axis india aajtak ndi oth c voter abp nda ndia tdia dah india oh chanakya oda india others,0.0
please try plagiarize concept name owe ukt hehe,0.3182
country cm highlight pay cut money weak,-0.4588
compasscom halaaah preeeetttt nailtips people believe issue tapera covered geria yesterday issue closed,0.0
millithh open batch nom vision mission batch random world ub nom,0.25
ubmsukmorganizations suitable avoidfomo imajoyfriendsjustdon tmiss college hahahahaha ukt,0.0
sentirely seriously yes yes go college yes,0.7506
segyeongstar ham hwaram ukt please go pedodqdyr,0.3182
kang kang kang kangang kangangangdo good good catangangangangangang good kangangangangdo basur,0.8271
cm guys students uin jakarta udh pass free udh udh kah kak kaki igi ng sung judisium trial yes moon ya,0.7184
like get honestly take care writing take care hopeless successful graduation august pay bills,0.9062
said support education people know raise people school,0.4019
ness schedule open ut ungsur ya,0.0
let pay,-0.1027
public dumber thinks expensive taxing difficult facility takes lot gin,-0.6124
actually going cell knowing price crazy pay set break factory knowing starting freak matter,-0.6808
askrl unimed please utt cost difficult facility,-0.0516
drakkxenrender ukt yagod,0.0
spare money come know registration date general even know going graduate,0.0
wise escort democrat cancels ukt bramantyo suwondo masbramantyo member dpr ri fraction damengocrat wflghf cq,0.296
play schedule ukt tapera densus gold antam mk syl surli kpk vina cirebon etc sick bronri bright sonkapotancasila ijrq,0.25
ask ukt tapera said country state crisis many people believe,-0.6249
unsoedfass hangs judeium august done need pay ukt cmiiw,-0.1027
love wife andrewstjan miserable end people rob ukt tapera,-0.3818
dearestnanon uh met guy,0.0
andrewstjan finish rest weird dad talk freeport country people like rob ukt tapera,-0.4215
kidpawk kohcanimulate ukt graduation,0.0
tvcoupsthinker pay uktbifep deadkoreanyes dyt,-0.1027
tax tapera free press ruu healthy constitution compromised corrupted les corruption,0.7184
frequentlyaskedthatboy graduation kip descendnot,0.0
eaannh chavesz yesrequiressthesilentpapua remensealcognition believe peoplehavelike ukt tapera hitumboc uumboc kka,0.0
random ken school pay ukt,-0.1027
collegemenfess gaada perfect script nder gass congregation list instead paying ukt hikd,0.5719
jumianto rk costs rice concussion bansos command nurunin homk sense electricity tapera ukt year neighboring country flood trillion investor apple microsoft investors dpd orders,0.0
healcom obsession x mit hook ukt university riau go mei institutions work social service programs around edge life go jalin,-0.34
pns ababil gapapa min tapera cut thp child college ukt count total cuts,-0.5106
soonsevenweekshavebeenmet sundaynight letthe spiritofwork acarelessstate withgjangdogsswise outupped tapera mwettt dcsmcylw mcylw,0.0
mightyroom alreadybought tukt tukukt ukt tukt,0.0
ernestpremonious plus ukt nullified owi ruu ni army sat civil handshake ruu pollri police sabotage authority deserves civil coalition road,-0.4767
weekend still concerned education commodity says needs tersier matter poor people cry poor people go college,-0.8481
exercising action demonstration state juni palace reject tapera rejects expensive crisukt program sound nfjntf lo,-0.6705
making donation friend tell think help pay college graduation,0.6705
note students archives scholarships scholarship dos go brave,0.5267
avilehurt mmmm cannotpay ukt jt semester ingyeahtalkingnormal kgk aboutthefuluanwoeng anomaly,0.2263
like demo,0.3612
collegemenfess aamiin pls pay ukt fast track aka year roar,-0.0258
secondcom minority race disbanded worship forbids building church,-0.0258
friend college pledges court martialed evidence pay minimum amount money,0.4215
tempodotco kakt pattern yesterday people slow bae plan,0.0
thanks wifi stope ui uas fine form alir dana ukt pay,0.5106
um fess pas pay okta,-0.1027
collegemenfass enjoy pas jobseeker thinking paying ukwkwkkwwwww,0.4939
collegemenfess good team desperate pay ukt,0.0516
hello sorry yaa naka um aju cicil ukt yaa,-0.0772
kikysa daughteri info buzzer locker pays okt,0.0
department pays ukt hmmm,0.0
please make parents money useless pay,-0.2263
maghrib seal sad purely pure taking semester working scientific research regular position ukt pay cont,-0.5423
majajanjanyaafterpaid uktress retryingtofindaparttime yes nottogetthemonth,0.4019
expensive ukt corruption gold lead etc tapera age limit pikkada unbuttons goods country tapera anymore,0.0
un medididibud mane signed aniesbasweand climbed ukt blog,0.0
kepo ukt ui crazy college,-0.34
tired collecting photoscards,-0.4404
let get serious art tomorrow teenagers reach art life sharing,0.3818
meananwhile fak give attachment slip evidence payment ukt k,0.296
bjirformaspiration ukt feb nantuntmin ig private trustsue yesterdayimao,0.0
forget news tapera indiscriminate canceled,-0.2263
sterrynghtxthanks fo ukt jt jt oh goodness moneywakesterrible,0.7003
mothboy versus pharmacist pharmaciescape facility notat uktbas millionthud college nextto toll anyway,0.0
unnesmenfessfhyes brou uhkekkekgan discussedthe matter notso student yes yes yes yes yes yes yet,0.936
ukt relay controversy accessibility education indonesia bhvnpnzulz,0.0
caratkids chelastial ukt aj yet diem aj,0.0
get full scholarship graduation get name get top get high score pick one needs get,0.2023
oh mypaying ukt,0.0
ukt ret controversy accessibility education indonesia qmufqicnv,0.0
pc kakt semster price,0.0
exercising action demo state palace reject tapera rejects expensive krist ukt program sound kr vxpc kr vxpccc,-0.7096
followersghuwe sma takependgraderpsychologistdreamingyou untilthebloodendsin ugmuhlongrun getslowsofsteepspans,0.0
papipippum essence religious ormas community given really expensive project,0.0
sbyudhoyono broke ethics anything anything anything,-0.4215
compasstv command failed malak student ukt try change stray employee tapera,-0.5106
yes ukt tapera gold antam next,0.4019
eating noh ukt college country range cost expensive science magnifier program remember much,0.0
indonesia got prank ukt tapera xsl vvr,0.0
airen shirt college college college school ukri ukt wektoh ndjadtwsn alothxlfe,0.0
cococrunchys superior accreditation free list costs free,0.8779
ugm fess july pay ukt like july let wosuda agustus,0.2732
wise makes sense study loan ukt broke tapera etc,0.0772
work risahart jonowi ho oh story pay cut take underpaid lha kq good let people lend credit yesterday house forced tapera crazy,-0.34
korean stripe tshirt campus shirt ukt college sw tw qm hgio zqrkdkigca,0.0
unybaseerr spirit rrrrr guilkgaapa gapapapapapa koa excitatethe spirit process ukt sem,0.34
exercising action demonstration state juni palace reject tapera rejects expensive k zzksloff program,-0.6705
busillah june god please kabulo suct,0.5267
marimar auw lectures cheap compared price things pay tuition semester price chicken noodle bowls tua chicken noodle bowls,-0.1027
mas icinggg vip paying ukt guaa semester include tax,0.5106
gojishad ector problemic ukt money base,0.0
price rice increases price cooking oil price cooking oil incremented iur tapera,0.0
waccis ukt tapera okaygas,0.0
collegemenfess trial list juni junli timeline prodii moga pay ukt,-0.1027
archifstudy paid ukt poltokes,0.0
aellastudy received polteses well paid ukt,0.2732
already info installed student ukt dips g info,0.0
jogmfs masio throws opinion,0.0
royalegembox mohmahfudmd jogetin okgas silent noise okgas shame ukt corruption rajalela shake hostage mukibul family sought people work give bansos tapera suffering people,-0.7845
cattenif late paycill ukt length notyes,0.0
jungwongitis tkek high ukt sasing,0.0
rjn zjuly dh finished august showing pamphlets pay ukt,-0.1027
collegemenfess trial juni ukt keep paying,0.0
exercising action demo state palace reject tapera rejects expensive krist ukt program sound tapera helps home community consider burden potential loss ipbr gfph wl,-0.8176
ugm fess type likes bolo lecture bolos ukt exteges ukt excess,0.4215
havethi luvmifyworksfess plus ukt,0.0
bad mother position pregnant make bed lipet tres kick,-0.5423
note ali drevachaniago ukt nai sleep student,0.0
slapped money ukt maxa tapera,0.0
ipb fess ukt vocita golong goong cicil rebox ukt goong ukt custom nominal,0.0
timeline mention revision uu pollri ukt,0.0
going told bring bekel,0.0
rjn z know much mean august last month pay august last month already paid text front text,-0.1027
buta kapiryes enteringhell,0.0
yes moga uktreallydown,0.4019
portal care ukt semester odd semester even salutations prosper care ukt present fellow welfare ipb kesmate link list ec aorzflp period juni juni axclkd zqb list,0.6249
seethepeople sfamily diem justlikenottobeinjured,0.0
humanswholistedthesunweekssupposed trepirest gassedup theturnitincheck forcetill max dosadosbing payacukkjekdosbing acckkakwkkk,0.0
country state end period uh came taperas passwords,0.0
segyeongstar moon seungho pay ukt please go ns gg,0.4767
sbmptnfess escaped snbt pill amp got low healthy ukt take care,0.5859
segyeongstar jo haewon pay ukt please go mmaryfwtnm,0.2263
see semester ukt costs undana ready tube qnefw pd,0.3612
notulenjamet matter much pay looking friend,0.4404
dukcapilddadamdelem alem ayem dupiddcapildaldadam alreadyaldem ayem alfut energy il il ton court ipg sorm digak,0.2732
segyeongstar ji seokhoon pay ukt please go ftoxvz zdj,0.2263
effect ukt youngyearstudent workslowlyworksundependent married punselvesof badconceivedcontator defaultandthe rice demospackure etc j nnl umvh nvh,0.0
questionrl livin jrg eror pay ukt college,-0.1027
escaped snbt ukt jutsu million seventeen pro palestine,0.0
expensive go college,0.0
dxnldy convomf thinks dick pantes rich cocatot social sanction life olds people need pay study fee need primary,-0.0258
send va pay ukt nnqj ac,-0.1027
sad see news indonesia forest people mean crazy people,-0.6705
one forced court go semester old let pay dosbing acc,-0.5267
undp ukt spi student base money line pxdnc coql,0.0
ready chicken bones making country poor take care debt,0.0258
education requires tersier iq stagnant evidence,0.0
myname prabowo propaganda ndons back garagedo florieliciouss kimberleys ps zy zy irarangrommi darekarendy bank joee people going political power baboons take evidence ukbert millions people loud voices medsos going ukt,-0.25
morning sisterchat congratulate congratulation good goodboy looohhhhhhhhh,0.875
collegemenfess mending gas returning pay script changing seleese world,-0.1027
segyeongstar yoo miran pay ukt please go l jm pwgzm,0.2263
collegemenfess finishedbysess easilydoting proudwork semplencturesgoodscriptionsfinished let slistthe trial letnot pay anymore,-0.1027
vote nurunin ukt self reliance list already promised get goal sister go college get ukt goal dad retired according website option dropped college,0.3612
even go college good gangster many demo students shake,0.296
lix lee buset price race ukt lu,0.0
bismillahmogagetdown uktya god izxcxxfo ev,0.2732
graduation like full card really college,0.3612
collegemenfess gapaa nder pay ukt teaching material lgg hihi,-0.1027
ukt tapera freeport jockeyi ok gas ok gas,0.5267
anjayy burdenpay ukt ku typo yes bodnyquqbd,0.4019
segyeongstar bae sejeong pay ukt please go hdkkkkguh,0.2263
world believe next day loud critical issue tapera ukt gasoline,-0.3182
segyeongstar ji doha pay ukt please go gevaoaazoh,0.2263
fess taken lightly,0.0
ifanjir dirtdudedup butpaydudessssssalt payprice richthintheterm snotalready salready silent,0.0
anjir findmoney wheretopaythecost ukt,0.0
start qualification polling fee,0.0
sbyudhoyono countrysby restless iur tapera ukt set healthy bpjs revision uu tni etc,0.1531
great ukt expensiveschool taruna bmkgcosfreezzatsxe,0.6249
confused country anjir papua ukt tapera age limit,-0.3182
collegemenfess strong pass tell even motivated spirit hehe,0.7906
last time worked building small student middle scholarship,0.0
ardisatrian ukt tapera bansos service house lost gold entam jan ethes ken president silah addin,-0.3182
boiling saw wisdom tapera plan go dzolim god dzolim,0.6705
ukt nuk naek naek naek kak college lecture need terksier gbole pinter fight iy scared dpr lg kaw change age made jeonghani dinoi fun,-0.296
english school andrewstjan free german school using ukt system,0.5106
wattpadmenfess deserted mannder author needs money sugar oil worth money uttt cost money,0.2263
ifyoudon tlikeme sindir ion casiumbones tofubusted ifyou tlikeme solet ionscalc know togetbusium ifyou iftimesoon ifsoon ifsoon ifsoon,0.0
gxblazt pays ukt,0.0
collegemenfess unethical please keep spirit motivated late graduation pay ukt msh dosbing salary snooty,0.3182
let make noise ukt tapera ealahhh,0.0
abullmuzafhar expensivegmentspadinggatinghelp student ukt,0.0
starfess jtincludettax peh ktkuh h dingyicilpay ukt,0.0
prabowo ukt attitude student ptn kp hhq qwc,0.0
question bri bwt jack self pay ukt,-0.1027
nakula boy rt busy thinking ukt,0.0
self reward labor pay ukt,0.5106
ljnomine yesh kak really tired people opening eyes state mad,-0.7501
prabowo subianto attitude ukt student ptn ufechqecu,0.0
tev n pe el style crowd functioning strongly set law ppn done bpjs done ukt fail tapera ppn,-0.34
getting away hard,-0.1027
commandfallsuppose trs tapera ifyou refaint ifyou regoingupthetaxstoppligate yes letthe capitalprescribe yesterday,0.4019
simbok dharmi honor takestherecordra worldeatsfree seebasiki moeldoko bu sm news expensive bu sm duli sm duli student,0.4939
ugm fess spirit yes nder moga good idea rame rame rame power nder let go ukt ugm issue run healthy parents assets nominal,0.8658
nadtrium km slow rose ukt km,0.0
also got college students work pay college work first,-0.1027
fact afraid students cm scared go back graduation age labor college program free destroy students,-0.4767
willing pursue ptn let ukt cheap eh ukt talk yupien pls follow ljcrikhxo,0.0772
collegemenfess graduations pay script test already incl ukt btw ak private,-0.1027
pancakeflusj bill line snbp snbp tstep ukt,0.0
damn right necklace,-0.4019
,
mute talked muhammad lewis sakaton talk genocide,0.0
students paid dinner outside paid ukt,0.0
surprised get scholarship presidentship got rank,0.2263
selffess ukt kyini howmyaspe jt,0.2263
ukt main base costable,0.0
disrupt people ukt tapera student loan mine ormas break youngest son forward pilkada,0.0
e nunik cordova media demo ukt,0.0
collegemenfess uin free pay utt doang,0.4404
different ukt spp mandatory student bcpjcuniw,0.0772
jiminzgirl unnesmenfess cmn near pay okt,-0.1027
unnesmenfess eh already light ot smt oddly,0.0
wewzer drunn nanarlfes enjoy moment ukt tapera ppn electric bbm etc,0.4939
tham set batman using important orders poor people pass yes expensive ukt burden tapera,-0.3612
free collegemenfess paid graduation get toga year ago toga buy college loan pay,0.4404
ness refuse pay safe pay high goals,-0.0258
let sdo pay oktunjainscription dropoffan account yach boleecheckpackspackspackpassspass sure sent setsupwimiah stop ychhzonezonezonezonebu,-0.0772
geloraco ukt tapera,0.0
ukt yaa,0.0
sbmptnfess escaped snbt pill daful smooth ukt according capable full nadzar,0.3818
ernestpremonious thank ukt tapera ton gold eh know escaped age limit cawagub,0.3612
believe um gon na pay students use earth produce clearly chancellor paid okt money via seconds edu ugbanb,0.3182
fun see demo ukt core,0.5106
expensive go college practice plagiarism based education nation best interest,0.802
ardisatrian ojol partner mam mister ukt,0.0
sbmptnfuss semptnoss stnfass aj gacape,0.0
hard nurunin turnitin nurunin ukt college indo,-0.1027
slapa friendnotoveryes controlra ukt wisedeak,0.0
driver geloraco shoot right real bozz apocalyptic evidence driver hero ukt,-0.4939
ukt mbokya printilan printilan lecture free executionoffiltualmoneysappro semhas etc,0.5106
jt kakt mending dp home ga si,0.2263
surrounding office prabowo imbas cost complete ukt yq omn counterhoax turnbackhoax mafindo,0.0
usu surround office prabowo imbas big ukt upload video account youtube claim university student sumatra north ejkwvyjywj,0.0
friends let regime roll roll amp goes brrr,0.4767
hold right ukt k lwuf nza,0.0
gang neighbor whispers hard explain program free lunch program,0.4404
jangsuman toukt gt gasih,0.2732
tempodotco weak student focus weak utt ut labor focus breaking high court understands pole labor student,-0.7003
student neohistoria id currently busy demoting crazy ukt,-0.34
gardododo florieliciouss myname across country mirvandarwin kimberley ps yusufagro xquitavee effendisary uki nagih promise makes hard people cut tapera haji use animal life,-0.0516
weak studentoverfocus focusedup uktweak laborer focusreraterend extended extreme high court understandsthestudentsof labor,-0.4404
minimum goal ukt,0.0
timing triggers make fuss like unlikely rioting elite streets elite issue,0.3612
fhisip neveralonely tapera ukt fox break age pilkada losss boss except ukt pending doak,0.0
reallywhosaid laptop damaged driedfrom jrrr lookslikeskskskskskskskkkkkkkkkkkkkkkkkok sah sah yest well shh udh,-0.2023
came home yesterday solo saying pay date super duper common month limit inches week says ya yaudah pay veh pdahl fear yelled,-0.0258
yradianto find commissioner grandson condition try worry depdikbud schoolboy sd smp kramp commissioner bumn kren love wind ukt delay,0.0
dips info parttimealwarmansing nothelp payout semester,0.0
student pay well thing class aowwokwo sane person,0.1779
hi phantiraq beloved mutual help group pay ut kidding help reply mail thanks helping,0.9153
fessy kids rich fissip kids vocal issue wae faculty losing,0.25
uktunpadstyles snbp suchastheheaven unlessfisip quitemillion,0.0
pay earth produce ukt muhammadiyah university wantmere pecil tfhfoj g jfhywot pd,-0.1027
ernestpremoniously exhausted ukt deal legal age narration tapera escapes precious tin metal steady pecqh split projo parpol kayak,0.4939
ruu siar tapera ruu pol ruu tni issue papua ormas religion ampanganganganukt uktup gratitude cancellatana pmtungcan fencing crucial post free change age head red section times let go ok opo maneh ki,0.8316
arisatariwanto change set uu tni uu uu polri tapera ukt gas contentsofcorruption goldtt tax subsidi prate,0.0
um fess maba yes,0.4019
many dates,0.0
sbmptnfess escaped snbt chose low target scholarship,-0.2732
sbmptnfess goes college pass snbt ukt select univ accepts,0.3182
amn tmn pressfocus ruu siar workfocuss tapera studentfocus ukt,0.0
receivedpts ptstake kkipk ptspayk kipkkakkakukk uktp pps,0.0
kgblgnunfaedh howyathinksthe middlegoong ingraduate familygraduate unfaedh whatdoyouthink themiddlegoaldultigated itfeed quitea drag,-0.2263
tanmwasdead omp costan expensivelife,0.0
comesup bptapeera sthenew news disbanded suri gatigati gatigatigatigall soulsabritaxup percentuuukt ohh greattimeyou shake,-0.1779
get goal son tired,-0.4404
nopapapapat ukt get away snbt udh tired self teaching,-0.4404
elpoghu compasstv pays interest debt using us dollar cursing press psychological level automatically byr swollen debt interest due push bankrupt amps needs fresh money urgent lack debt kcjb emerges ukt ukt tapera,-0.5106
ernestpremonster labor busy tapera students keep ukt eh know changing matter head area wkwkwwwkwkwkk,0.0258
exttra god permit escape snbt ukt light smooth mind upbringing,0.4215
weve sleeping times questioning ol,-0.1027
compcom impressions ukt taxes protest raised tax score orders fools know yes answer,-0.1531
henrysubiakto brani owes pay people forced pay ukt tapera withdraw gas subsidy pln pay debt ux nrjyffff,-0.7717
anvie neohistoria id tried support yesterday protested busy tell shut yesterday,0.296
ch chotimah ukt dinas tapera menra program mister handshake wise pro people choose motion choke body,-0.1027
compass meant hang debt,-0.3612
dips mam mba bem temn understands free play ukt congregation scripts like july wait free,0.8885
friend students taught get used parents business,0.4939
notcalltoseethe allocationdatambkkm issue nextukt try analyze problem helpmoneygetawaykip,-0.4019
crowd hangs compass cares tax people raised forced taper,0.0
middle issues rise cost univ quality ukt,0.0
collegemenfuss bismillah semester pay okt,-0.1027
yes brakesyou uktboughtbass duetoyou caperclassumemg understand samjijiwahh bajiji baughh,0.4019
really ukt tapera bpjs mas,0.0
spin suju ss price gile bgt kuk ukt,0.0
noyexol cost money,0.0
ernestpremonster busystudentup ukt,0.0
core nullification commercialized desire proteges donating price tag goods,0.4019
parents tapera tapera son rame ukt smooth road family dynasty,0.0
stupid bangstuju youcanbombout ukt naek ni udhdak peoplespayawise taperaalrmjn cmw tapera treach command people,-0.5267
want bear orauna neohistoria id mhsw attacked dizziness pays focus criticism community aspirations,-0.6808
wise jokeri cm ken na na joeowi according value pancasila omnibus law freeport tapera permissions hgu im commercialized student accordance pancasila value think cm limit,0.7845
ugm fess univ atm protege amrik ukt student loan repressive student demo action,-0.34
think worth lot money ticket,0.2263
glotttusee hello gladisssss ukt prophetadam disturbeds bodyyes,0.0
inti si wowo lintik rame preparatory jakarta da stay anies power zolim work unsedicted,0.0
hmuhlong muchukt,0.0
scared sp got away afraid expensive ukt,-0.4404
flying taxi cab noh ukt fly aalbnblm,0.0
yes minimum yes,0.6597
standuptheprice ukt butirespectresidentugm facefacefacechatthe demo student,0.0
english hard orders know right opinion academia teacher lost ssma ticktok entered teacher hard get salary teacher equal smart tell life,-0.1027
people fund gatherement compasses selling tax increases cost haji tapera manage country finished,0.0
compass country poorer taking care interest fractions debt falling moment panic,-0.4019
mochareta dyananest jjajengnaa collegemenfass cost kisar practice semester cost private entrance plans,0.0
confused ask many times sick tired court,-0.8176
drelaxandra ifyouchangethem peopleyes modellike tapera ukt,0.0
sbmptnfess detuplicated gap year gt graduated snbt snbt take care daful file okt ga heavy ortu gt easy take care aamiin aamiin godumma amiin,0.91
yurissa samosir sanamvelcro choymarkochoy kang kang toniee mustafagus nohceukenohhh daughter adedhani chaidar ay pratung ukt came tapera,0.0
rame polymic iur obligatory tapera whose salary restless conditions require price rate rice tres utt salary side cut please,-0.2263
mr ugm forced student tent break student tent protesting ukt college building unloading students camp camp house ugm demand remove ukfxlwm wimoa ybxl,-0.743
itbfess speaking paid,0.0
ugm fess mushroom bread superior,0.5423
uktnotpremit relieve bbcnewsindonesia vfvuqyk j krpfwfiat,0.3612
dannkwartocomeoutbecauseit sdirty letmastforceout ofstrigger foughtthanfocustofomra pocalypt tincanmine ormas pilkada gulsu sara solution,0.3182
